{
	"format" : 
	[
		"position", 3, 
		"texcoord", 2, 
		"normal", 3, 
		"boneIDs", 4, 
		"weights", 4
	], 
	"meshes" : [{
			"faces" : 
			[
				0, 1, 2, 
				27, 0, 2, 
				3, 4, 5, 
				28, 3, 5, 
				6, 7, 8, 
				29, 6, 8, 
				9, 10, 11, 
				30, 9, 11, 
				12, 13, 14, 
				31, 12, 14, 
				15, 16, 17, 
				32, 15, 17, 
				18, 19, 20, 
				33, 18, 20, 
				21, 22, 23, 
				34, 21, 23, 
				24, 25, 26, 
				35, 24, 26
			], "material" : {
				"alpha" : 1, "ambient" : 
				[ 0.000000,  0.000000,  0.000000], "diffuse" : 
				[ 0.600000,  0.600000,  0.600000], 
				"shinyness" :  0.000000, "specular" : 
				[ 0.000000,  0.000000,  0.000000], "texture" : "../textures/whitepixel.png"
			}
		}], 
	"name" : "Converted from C:\Users\johan_000\Desktop\MiniRace\assets\models\terrain-grass.obj", 
	"version" : 1, 
	"vertices" : 
	[
		 4.000000,	 1.000000,	-3.999996,	 0.984711,	 0.456815,	 0.120386,	 0.963087,	-0.240772,	
		 3.999998,	 0.000000,	-3.999998,	 0.984710,	 0.419617,	 0.707107,	-0.000000,	-0.707107,	
		-3.999998,	 0.000001,	-3.999998,	 0.672242,	 0.419617,	-0.800000,	 0.000001,	-0.600000,	
		-3.999999,	-1.000000,	 3.999998,	 0.176426,	 0.503153,	-0.707107,	 0.000001,	 0.707107,	
		-3.999998,	 0.000000,	 3.999998,	 0.115727,	 0.503153,	-0.707107,	 0.000000,	 0.707107,	
		-3.999998,	 0.000001,	-3.999998,	 0.115727,	 0.960962,	-0.800000,	 0.000001,	-0.600000,	
		 3.999998,	 0.000000,	-3.999998,	 0.055028,	 0.960962,	 0.707107,	-0.000000,	-0.707107,	
		 3.999997,	-1.000000,	-3.999999,	 0.115727,	 0.960962,	 0.894427,	-0.000000,	-0.447214,	
		-3.999999,	-0.999999,	-3.999997,	 0.115727,	 0.503153,	-0.447214,	 0.000001,	-0.894427,	
		 3.999997,	-1.000000,	-3.999999,	 0.297825,	 0.503153,	 0.894427,	-0.000000,	-0.447214,	
		 3.999998,	 0.000000,	-3.999998,	 0.237126,	 0.503154,	 0.707107,	-0.000000,	-0.707107,	
		 3.999998,	-0.000001,	 3.999998,	 0.237126,	 0.960962,	 0.600000,	-0.000001,	 0.800000,	
		 3.999998,	-0.000001,	 3.999998,	 0.176426,	 0.503153,	 0.600000,	-0.000001,	 0.800000,	
		-3.999998,	 0.000000,	 3.999998,	 0.176426,	 0.960962,	-0.707107,	 0.000000,	 0.707107,	
		-3.999999,	-1.000000,	 3.999998,	 0.237126,	 0.960962,	-0.707107,	 0.000001,	 0.707107,	
		-3.999997,	 1.000000,	 3.999999,	 0.672242,	 0.382418,	-0.235702,	 0.942809,	 0.235702,	
		-3.999998,	 0.000000,	 3.999998,	 0.672242,	 0.419617,	-0.707107,	 0.000000,	 0.707107,	
		 3.999998,	-0.000001,	 3.999998,	 0.984710,	 0.419617,	 0.600000,	-0.000001,	 0.800000,	
		 3.999998,	 0.999999,	 3.999999,	 0.984710,	 0.382418,	 0.123797,	 0.990375,	 0.061899,	
		 3.999998,	-0.000001,	 3.999998,	 0.984710,	 0.345219,	 0.600000,	-0.000001,	 0.800000,	
		 3.999998,	 0.000000,	-3.999998,	 0.672242,	 0.345219,	 0.707107,	-0.000000,	-0.707107,	
		-3.999998,	 0.000001,	-3.999998,	 0.672242,	 0.345219,	-0.800000,	 0.000001,	-0.600000,	
		-3.999998,	 0.000000,	 3.999998,	 0.984710,	 0.345219,	-0.707107,	 0.000000,	 0.707107,	
		-3.999997,	 1.000000,	 3.999999,	 0.984711,	 0.308021,	-0.235702,	 0.942809,	 0.235702,	
		-3.999997,	 1.000001,	-4.000000,	 0.984711,	 0.010432,	-0.062257,	 0.996116,	-0.062257,	
		-3.999997,	 1.000000,	 3.999999,	 0.672242,	 0.010432,	-0.235702,	 0.942809,	 0.235702,	
		 3.999998,	 0.999999,	 3.999999,	 0.672242,	 0.308021,	 0.123797,	 0.990375,	 0.061899,	
		-3.999997,	 1.000001,	-4.000000,	 0.672242,	 0.456815,	-0.062257,	 0.996116,	-0.062257,	
		-3.999999,	-0.999999,	-3.999997,	 0.176426,	 0.960962,	-0.447214,	 0.000001,	-0.894427,	
		-3.999998,	 0.000001,	-3.999998,	 0.055028,	 0.503154,	-0.800000,	 0.000001,	-0.600000,	
		 3.999998,	-1.000001,	 3.999998,	 0.297825,	 0.960962,	 0.707107,	-0.000000,	 0.707107,	
		 3.999998,	-1.000001,	 3.999998,	 0.237126,	 0.503154,	 0.707107,	-0.000000,	 0.707107,	
		 3.999998,	 0.999999,	 3.999999,	 0.984710,	 0.382418,	 0.123797,	 0.990375,	 0.061899,	
		 4.000000,	 1.000000,	-3.999996,	 0.672242,	 0.382418,	 0.120386,	 0.963087,	-0.240772,	
		-3.999997,	 1.000001,	-4.000000,	 0.672242,	 0.308021,	-0.062257,	 0.996116,	-0.062257,	
		 4.000000,	 1.000000,	-3.999996,	 0.984711,	 0.308021,	 0.120386,	 0.963087,	-0.240772
	]
}