{
	"format" : 
	[
		"position", 3, 
		"texcoord", 2, 
		"normal", 3, 
		"boneIDs", 4, 
		"weights", 4
	], 
	"meshes" : [{
			"faces" : 
			[
				0, 1, 2, 
				102, 0, 2, 
				3, 4, 5, 
				103, 3, 5, 
				6, 7, 8, 
				104, 6, 8, 
				9, 10, 11, 
				105, 9, 11, 
				12, 13, 14, 
				106, 12, 14, 
				15, 16, 17, 
				107, 15, 17, 
				18, 19, 20, 
				108, 18, 20, 
				21, 22, 23, 
				109, 21, 23, 
				24, 25, 26, 
				110, 24, 26, 
				27, 28, 29, 
				111, 27, 29, 
				30, 31, 32, 
				112, 30, 32, 
				33, 34, 35, 
				113, 33, 35, 
				36, 37, 38, 
				114, 36, 38, 
				39, 40, 41, 
				115, 39, 41, 
				42, 43, 44, 
				116, 42, 44, 
				45, 46, 47, 
				117, 45, 47, 
				48, 49, 50, 
				118, 48, 50, 
				51, 52, 53, 
				119, 51, 53, 
				54, 55, 56, 
				120, 54, 56, 
				57, 58, 59, 
				121, 57, 59, 
				60, 61, 62, 
				122, 60, 62, 
				63, 64, 65, 
				123, 63, 65, 
				66, 67, 68, 
				124, 66, 68, 
				69, 70, 71, 
				125, 69, 71, 
				72, 73, 74, 
				126, 72, 74, 
				75, 76, 77, 
				127, 75, 77, 
				78, 79, 80, 
				128, 78, 80, 
				81, 82, 83, 
				129, 81, 83, 
				84, 85, 86, 
				130, 84, 86, 
				87, 88, 89, 
				131, 87, 89, 
				90, 91, 92, 
				151, 152, 90, 
				90, 153, 154, 
				90, 148, 151, 
				90, 92, 148, 
				91, 90, 136, 
				136, 90, 154, 
				91, 147, 92, 
				140, 91, 141, 
				145, 91, 143, 
				145, 146, 91, 
				91, 136, 141, 
				140, 143, 91, 
				143, 140, 144, 
				142, 143, 144, 
				133, 135, 136, 
				135, 139, 136, 
				156, 133, 136, 
				136, 154, 156, 
				132, 133, 134, 
				133, 137, 135, 
				133, 156, 134, 
				137, 138, 135, 
				155, 156, 157, 
				159, 160, 156, 
				156, 154, 157, 
				155, 159, 156, 
				155, 158, 159, 
				148, 149, 150, 
				151, 148, 150, 
				93, 94, 95, 
				161, 93, 95, 
				96, 97, 98, 
				162, 96, 98, 
				99, 100, 101, 
				188, 99, 101, 
				188, 191, 99, 
				100, 190, 101, 
				101, 163, 164, 
				101, 164, 166, 
				101, 166, 170, 
				188, 101, 170, 
				185, 187, 188, 
				185, 188, 170, 
				183, 184, 185, 
				185, 186, 187, 
				189, 185, 176, 
				185, 189, 183, 
				176, 185, 170, 
				181, 182, 183, 
				189, 181, 183, 
				180, 189, 176, 
				176, 179, 180, 
				175, 176, 177, 
				175, 178, 176, 
				176, 173, 177, 
				170, 173, 176, 
				173, 170, 174, 
				170, 166, 168, 
				170, 171, 172, 
				170, 172, 174, 
				164, 165, 166, 
				168, 166, 169, 
				167, 168, 169
			], "material" : {
				"alpha" : 1, "ambient" : 
				[ 0.500000,  0.500000,  0.500000], "diffuse" : 
				[ 0.600000,  0.600000,  0.600000], 
				"shinyness" : 0, "specular" : 
				[ 1.000000,  1.000000,  1.000000], "texture" : "../textures/whitepixel.png"
			}
		}], 
	"name" : "Converted from tire.dae", 
	"version" : 1, 
	"vertices" : 
	[
		 0.000000,	-1.000000,	 1.000000,	0,	0,	-0.098017,	-0.000000,	 0.995185,	
		 0.000000,	 1.000000,	 1.000000,	0,	0,	-0.098017,	-0.000000,	 0.995185,	
		-0.195090,	 1.000000,	 0.980785,	0,	0,	-0.098017,	-0.000000,	 0.995185,	
		-0.195090,	-1.000000,	 0.980785,	0,	0,	-0.290285,	-0.000000,	 0.956940,	
		-0.195090,	 1.000000,	 0.980785,	0,	0,	-0.290285,	-0.000000,	 0.956940,	
		-0.382683,	 1.000000,	 0.923880,	0,	0,	-0.290285,	-0.000000,	 0.956940,	
		-0.382683,	-1.000000,	 0.923880,	0,	0,	-0.471397,	-0.000000,	 0.881921,	
		-0.382683,	 1.000000,	 0.923880,	0,	0,	-0.471397,	-0.000000,	 0.881921,	
		-0.555570,	 1.000000,	 0.831470,	0,	0,	-0.471397,	-0.000000,	 0.881921,	
		-0.555570,	-1.000000,	 0.831470,	0,	0,	-0.634393,	-0.000000,	 0.773010,	
		-0.555570,	 1.000000,	 0.831470,	0,	0,	-0.634393,	-0.000000,	 0.773010,	
		-0.707107,	 1.000000,	 0.707107,	0,	0,	-0.634393,	-0.000000,	 0.773010,	
		-0.707107,	-1.000000,	 0.707107,	0,	0,	-0.773010,	-0.000000,	 0.634393,	
		-0.707107,	 1.000000,	 0.707107,	0,	0,	-0.773010,	-0.000000,	 0.634393,	
		-0.831470,	 1.000000,	 0.555570,	0,	0,	-0.773010,	-0.000000,	 0.634393,	
		-0.831470,	-1.000000,	 0.555570,	0,	0,	-0.881921,	-0.000000,	 0.471397,	
		-0.831470,	 1.000000,	 0.555570,	0,	0,	-0.881921,	-0.000000,	 0.471397,	
		-0.923879,	 1.000000,	 0.382684,	0,	0,	-0.881921,	-0.000000,	 0.471397,	
		-0.923879,	-1.000000,	 0.382683,	0,	0,	-0.956940,	-0.000000,	 0.290285,	
		-0.923879,	 1.000000,	 0.382684,	0,	0,	-0.956940,	-0.000000,	 0.290285,	
		-0.980785,	 1.000000,	 0.195090,	0,	0,	-0.956940,	-0.000000,	 0.290285,	
		-0.980785,	-1.000000,	 0.195090,	0,	0,	-0.995185,	-0.000000,	 0.098017,	
		-0.980785,	 1.000000,	 0.195090,	0,	0,	-0.995185,	-0.000000,	 0.098017,	
		-1.000000,	 1.000000,	 0.000000,	0,	0,	-0.995185,	-0.000000,	 0.098017,	
		-1.000000,	-1.000000,	 0.000000,	0,	0,	-0.995185,	 0.000000,	-0.098017,	
		-1.000000,	 1.000000,	 0.000000,	0,	0,	-0.995185,	 0.000000,	-0.098017,	
		-0.980785,	 1.000000,	-0.195090,	0,	0,	-0.995185,	 0.000000,	-0.098017,	
		-0.980785,	-1.000000,	-0.195090,	0,	0,	-0.956940,	 0.000000,	-0.290285,	
		-0.980785,	 1.000000,	-0.195090,	0,	0,	-0.956940,	 0.000000,	-0.290285,	
		-0.923880,	 1.000000,	-0.382683,	0,	0,	-0.956940,	 0.000000,	-0.290285,	
		-0.923880,	-1.000000,	-0.382683,	0,	0,	-0.881921,	 0.000000,	-0.471396,	
		-0.923880,	 1.000000,	-0.382683,	0,	0,	-0.881921,	 0.000000,	-0.471396,	
		-0.831470,	 1.000000,	-0.555570,	0,	0,	-0.881921,	 0.000000,	-0.471396,	
		-0.831470,	-1.000000,	-0.555570,	0,	0,	-0.773010,	 0.000000,	-0.634393,	
		-0.831470,	 1.000000,	-0.555570,	0,	0,	-0.773010,	 0.000000,	-0.634393,	
		-0.707107,	 1.000000,	-0.707107,	0,	0,	-0.773010,	 0.000000,	-0.634393,	
		-0.707107,	-1.000000,	-0.707107,	0,	0,	-0.634393,	 0.000000,	-0.773010,	
		-0.707107,	 1.000000,	-0.707107,	0,	0,	-0.634393,	 0.000000,	-0.773010,	
		-0.555570,	 1.000000,	-0.831470,	0,	0,	-0.634393,	 0.000000,	-0.773010,	
		-0.555570,	-1.000000,	-0.831470,	0,	0,	-0.471397,	 0.000000,	-0.881921,	
		-0.555570,	 1.000000,	-0.831470,	0,	0,	-0.471397,	 0.000000,	-0.881921,	
		-0.382683,	 1.000000,	-0.923880,	0,	0,	-0.471397,	 0.000000,	-0.881921,	
		-0.382683,	-1.000000,	-0.923880,	0,	0,	-0.290284,	 0.000000,	-0.956940,	
		-0.382683,	 1.000000,	-0.923880,	0,	0,	-0.290284,	 0.000000,	-0.956940,	
		-0.195090,	 1.000000,	-0.980785,	0,	0,	-0.290284,	 0.000000,	-0.956940,	
		-0.195090,	-1.000000,	-0.980785,	0,	0,	-0.098017,	 0.000000,	-0.995185,	
		-0.195090,	 1.000000,	-0.980785,	0,	0,	-0.098017,	 0.000000,	-0.995185,	
		 0.000000,	 1.000000,	-1.000000,	0,	0,	-0.098017,	 0.000000,	-0.995185,	
		 0.000000,	-1.000000,	-1.000000,	0,	0,	 0.098017,	 0.000000,	-0.995185,	
		 0.000000,	 1.000000,	-1.000000,	0,	0,	 0.098017,	 0.000000,	-0.995185,	
		 0.195091,	 1.000000,	-0.980785,	0,	0,	 0.098017,	 0.000000,	-0.995185,	
		 0.195091,	-1.000000,	-0.980785,	0,	0,	 0.290285,	 0.000000,	-0.956940,	
		 0.195091,	 1.000000,	-0.980785,	0,	0,	 0.290285,	 0.000000,	-0.956940,	
		 0.382684,	 1.000000,	-0.923879,	0,	0,	 0.290285,	 0.000000,	-0.956940,	
		 0.382684,	-1.000000,	-0.923879,	0,	0,	 0.471397,	 0.000000,	-0.881921,	
		 0.382684,	 1.000000,	-0.923879,	0,	0,	 0.471397,	 0.000000,	-0.881921,	
		 0.555571,	 1.000000,	-0.831469,	0,	0,	 0.471397,	 0.000000,	-0.881921,	
		 0.555571,	-1.000000,	-0.831469,	0,	0,	 0.634394,	 0.000000,	-0.773010,	
		 0.555571,	 1.000000,	-0.831469,	0,	0,	 0.634394,	 0.000000,	-0.773010,	
		 0.707107,	 1.000000,	-0.707106,	0,	0,	 0.634394,	 0.000000,	-0.773010,	
		 0.707107,	-1.000000,	-0.707107,	0,	0,	 0.773011,	 0.000000,	-0.634393,	
		 0.707107,	 1.000000,	-0.707106,	0,	0,	 0.773011,	 0.000000,	-0.634393,	
		 0.831470,	 1.000000,	-0.555570,	0,	0,	 0.773011,	 0.000000,	-0.634393,	
		 0.831470,	-1.000000,	-0.555570,	0,	0,	 0.881921,	 0.000000,	-0.471396,	
		 0.831470,	 1.000000,	-0.555570,	0,	0,	 0.881921,	 0.000000,	-0.471396,	
		 0.923880,	 1.000000,	-0.382683,	0,	0,	 0.881921,	 0.000000,	-0.471396,	
		 0.923880,	-1.000000,	-0.382683,	0,	0,	 0.956941,	 0.000000,	-0.290284,	
		 0.923880,	 1.000000,	-0.382683,	0,	0,	 0.956941,	 0.000000,	-0.290284,	
		 0.980785,	 1.000000,	-0.195089,	0,	0,	 0.956941,	 0.000000,	-0.290284,	
