{
	"format" : 
	[
		"position", 3, 
		"texcoord", 2, 
		"normal", 3, 
		"boneIDs", 4, 
		"weights", 4
	], 
	"meshes" : [{
			"faces" : 
			[
				0, 1, 2, 
				116, 0, 2, 
				115, 116, 2, 
				138, 115, 2, 
				3, 4, 5, 
				3, 96, 97, 
				117, 3, 5, 
				4, 3, 97, 
				6, 7, 8, 
				118, 6, 8, 
				7, 98, 99, 
				8, 7, 99, 
				9, 10, 11, 
				119, 9, 11, 
				10, 100, 101, 
				11, 10, 101, 
				12, 13, 14, 
				120, 12, 14, 
				12, 102, 13, 
				102, 103, 13, 
				15, 16, 17, 
				15, 17, 29, 
				36, 15, 29, 
				17, 30, 31, 
				29, 17, 31, 
				35, 36, 29, 
				18, 19, 20, 
				121, 18, 20, 
				19, 21, 22, 
				20, 19, 22, 
				22, 21, 49, 
				126, 22, 49, 
				23, 24, 25, 
				23, 105, 24, 
				105, 106, 24, 
				26, 27, 28, 
				122, 26, 123, 
				28, 27, 53, 
				128, 28, 53, 
				32, 33, 34, 
				32, 62, 63, 
				62, 32, 34, 
				37, 38, 39, 
				124, 37, 39, 
				40, 41, 42, 
				104, 40, 42, 
				41, 54, 42, 
				54, 55, 42, 
				54, 95, 55, 
				43, 44, 45, 
				79, 44, 43, 
				45, 44, 68, 
				67, 45, 68, 
				67, 68, 69, 
				46, 47, 48, 
				125, 46, 48, 
				50, 51, 52, 
				127, 50, 52, 
				56, 57, 58, 
				129, 56, 58, 
				59, 60, 61, 
				130, 59, 61, 
				64, 65, 66, 
				70, 64, 66, 
				70, 66, 71, 
				72, 71, 66, 
				131, 72, 66, 
				73, 74, 75, 
				132, 73, 75, 
				76, 77, 78, 
				113, 76, 114, 
				114, 76, 78, 
				80, 81, 82, 
				82, 81, 91, 
				89, 90, 82, 
				134, 89, 82, 
				134, 82, 91, 
				83, 84, 85, 
				87, 83, 85, 
				88, 85, 84, 
				86, 87, 85, 
				133, 86, 85, 
				92, 93, 94, 
				110, 112, 93, 
				110, 111, 112, 
				107, 108, 109, 
				135, 136, 137, 
				139, 140, 141
			], "material" : {
				"alpha" : 1, "ambient" : 
				[ 0.000000,  0.000000,  0.000000], "diffuse" : 
				[ 0.600000,  0.600000,  0.600000], 
				"shinyness" :  0.000000, "specular" : 
				[ 0.000000,  0.000000,  0.000000], "texture" : "../textures/whitepixel.png"
			}
		}], 
	"name" : "Converted from C:\Users\johan_000\Desktop\MiniRace\assets\models\track-pit-entrylane-small.obj", 
	"version" : 1, 
	"vertices" : 
	[
		-4.000005,	 1.000000,	-0.999994,	 0.674486,	 0.967997,	-0.689328,	 0.720854,	-0.072086,	
		-4.000003,	 1.100001,	-1.000011,	 0.674486,	 0.962696,	-0.074422,	 0.992278,	-0.099229,	
		-1.333336,	 1.100000,	-1.000015,	 0.776751,	 0.962694,	 0.037060,	 0.988257,	-0.148241,	
		 1.633325,	 1.200000,	-4.000001,	 0.767873,	 0.967997,	-0.013788,	 0.137866,	-0.990355,	
		 1.633325,	 1.200000,	-3.900001,	 0.767873,	 0.973298,	-0.050544,	 0.505447,	 0.861376,	
		 3.999992,	 2.000000,	-3.900004,	 0.674486,	 0.973298,	 0.053785,	 0.195832,	 0.979161,	
		 3.999992,	 2.000000,	-3.900004,	 0.981633,	 0.829679,	 0.053785,	 0.195832,	 0.979161,	
		 1.633325,	 1.200000,	-3.900001,	 0.890170,	 0.787270,	-0.050544,	 0.505447,	 0.861376,	
		 1.633325,	 1.100000,	-3.900002,	 0.890170,	 0.781969,	 0.000000,	 0.954061,	 0.299612,	
		 3.999994,	 1.100000,	-3.000000,	 0.674486,	 0.973298,	 0.246459,	 0.963226,	 0.107025,	
		 1.633327,	 1.100000,	-2.999996,	 0.765950,	 0.973298,	 0.000000,	 0.993884,	 0.110431,	
		 1.633326,	 1.000000,	-3.000000,	 0.765950,	 0.978599,	 0.000000,	 0.999476,	 0.032379,	
		 1.633325,	 1.100000,	-3.900002,	 0.889988,	 0.877389,	 0.000000,	 0.954061,	 0.299612,	
		 1.633327,	 1.100000,	-2.999996,	 0.889988,	 0.829679,	 0.000000,	 0.993884,	 0.110431,	
		 3.999994,	 1.100000,	-3.000000,	 0.981375,	 0.829679,	 0.246459,	 0.963226,	 0.107025,	
		-1.333335,	 1.000000,	-0.000014,	 0.697227,	 0.176625,	-0.004519,	 0.999722,	 0.023144,	
		-4.000003,	 1.000000,	-0.000002,	 0.697228,	 0.048847,	-0.691007,	 0.722623,	 0.018067,	
		-3.999996,	 1.000000,	 3.999989,	 0.876966,	 0.048847,	-0.087444,	 0.932742,	 0.349779,	
		 3.999999,	 2.000000,	 1.099983,	 0.672462,	 0.665266,	-0.030217,	 0.178795,	 0.983422,	
		 1.633332,	 1.100000,	 1.099987,	 0.763925,	 0.707675,	-0.299767,	 0.515696,	 0.802619,	
		 1.633333,	 1.000000,	 1.099981,	 0.763925,	 0.718277,	-0.008341,	 0.975482,	 0.219920,	
		-1.333336,	 1.100000,	-0.000009,	 0.880706,	 0.707675,	-0.010301,	 0.998555,	 0.052753,	
		-1.333335,	 1.000000,	-0.000014,	 0.880706,	 0.718277,	-0.004519,	 0.999722,	 0.023144,	
		 1.633332,	 1.100000,	 1.099987,	 0.764110,	 0.909682,	-0.299767,	 0.515696,	 0.802619,	
		 1.633332,	 1.100000,	 0.999986,	 0.764853,	 0.904479,	-0.047422,	 0.826356,	-0.561148,	
		-1.333336,	 1.100000,	-0.000009,	 0.885450,	 0.877389,	-0.010301,	 0.998555,	 0.052753,	
		-4.000003,	 1.100001,	-1.000011,	 0.792417,	 0.962694,	-0.074422,	 0.992278,	-0.099229,	
		-4.000005,	 1.000000,	-0.999994,	 0.788547,	 0.962693,	-0.689328,	 0.720854,	-0.072086,	
		-4.000003,	 1.000000,	-0.000002,	 0.788547,	 0.909682,	-0.691007,	 0.722623,	 0.018067,	
		 4.000004,	 0.999999,	 3.999978,	 0.876966,	 0.432180,	 0.063509,	 0.982483,	 0.175196,	
		-3.999996,	 0.000000,	 3.999989,	 0.921901,	 0.048847,	-0.599998,	 0.000006,	 0.800002,	
		 4.000004,	-0.000001,	 3.999978,	 0.921900,	 0.432180,	 0.262353,	 0.000007,	 0.964972,	
		 3.999993,	 0.000000,	-4.000000,	 0.979257,	 0.607334,	 0.090744,	-0.000002,	-0.995874,	
		-4.000007,	 0.000001,	-3.999989,	 0.672462,	 0.607334,	-0.179968,	-0.000002,	-0.983672,	
		-4.000009,	 1.200001,	-3.999994,	 0.672462,	 0.543720,	-0.007332,	 0.034409,	-0.999381,	
		 4.000000,	 1.000000,	 1.099978,	 0.746655,	 0.432180,	 0.649413,	 0.718896,	 0.247894,	
		 1.633333,	 1.000000,	 1.099981,	 0.746655,	 0.318777,	-0.008341,	 0.975482,	 0.219920,	
		-4.000005,	 1.000000,	-0.999994,	 0.489136,	 0.843341,	-0.689328,	 0.720854,	-0.072086,	
		-4.000007,	 1.000001,	-2.999993,	 0.489136,	 0.938355,	-0.092916,	 0.995101,	 0.033770,	
		-4.000005,	 0.000001,	-2.999992,	 0.425793,	 0.938355,	-1.000000,	-0.000001,	 0.000001,	
		 3.999994,	-0.000000,	-3.000002,	 0.246357,	 0.907377,	 1.000000,	 0.000001,	-0.000001,	
		 4.000000,	-0.000000,	 0.999986,	 0.246357,	 0.680429,	 1.000000,	 0.000002,	-0.000002,	
		 3.999994,	-1.000000,	-4.000000,	 0.319165,	 0.964114,	 0.853442,	 0.000000,	-0.521188,	
		-4.000005,	 0.000001,	-2.999992,	 0.027933,	 0.566954,	-1.000000,	-0.000001,	 0.000001,	
		-4.000007,	-0.999999,	-3.999989,	 0.100741,	 0.510217,	-0.566529,	 0.000000,	-0.824042,	
		-4.000003,	 0.000000,	-0.999997,	 0.027933,	 0.680428,	-1.000000,	 0.000000,	 0.000001,	
		-3.999996,	 0.000000,	 3.999989,	 0.966835,	 0.432180,	-0.599998,	 0.000006,	 0.800002,	
		-3.999996,	 1.000000,	 3.999989,	 0.921900,	 0.432180,	-0.087444,	 0.932742,	 0.349779,	
		-4.000003,	 1.000000,	-0.000002,	 0.921901,	 0.240514,	-0.691007,	 0.722623,	 0.018067,	
		-4.000003,	 1.100000,	-0.000006,	 0.983764,	 0.707675,	-0.018653,	 0.994864,	 0.099486,	
		-4.000007,	-0.999999,	-3.999989,	 0.246357,	 0.964114,	-0.566529,	 0.000000,	-0.824042,	
		-4.000007,	 0.000001,	-3.999989,	 0.173549,	 0.964114,	-0.179968,	-0.000002,	-0.983672,	
		 3.999993,	 0.000000,	-4.000000,	 0.173549,	 0.510217,	 0.090744,	-0.000002,	-0.995874,	
		-4.000003,	 0.000000,	-0.999997,	 0.749852,	 0.962694,	-1.000000,	 0.000000,	 0.000001,	
		 4.000000,	-0.000000,	 1.099986,	 0.246357,	 0.674755,	 1.000000,	-0.000001,	-0.000001,	
		 4.000003,	-1.000001,	 3.999994,	 0.319165,	 0.510217,	 0.806170,	 0.000009,	 0.591684,	
		 4.000004,	-0.000001,	 3.999978,	 0.921901,	 0.240514,	 0.262353,	 0.000007,	 0.964972,	
		 4.000000,	-0.000000,	 1.099986,	 0.921901,	 0.101556,	 1.000000,	-0.000001,	-0.000001,	
		 4.000000,	 1.000000,	 1.099978,	 0.966835,	 0.101556,	 0.649413,	 0.718896,	 0.247894,	
		 4.000004,	-0.000001,	 3.999978,	 0.100741,	 0.964114,	 0.262353,	 0.000007,	 0.964972,	
		-3.999996,	 0.000000,	 3.999989,	 0.100741,	 0.510217,	-0.599998,	 0.000006,	 0.800002,	
		-3.999997,	-1.000000,	 4.000005,	 0.173549,	 0.510217,	-0.630591,	 0.000013,	 0.776115,	
		 1.633325,	 1.200000,	-4.000001,	 0.888497,	 0.543720,	-0.013788,	 0.137866,	-0.990355,	
		 3.999992,	 2.000000,	-4.000005,	 0.979257,	 0.501311,	 0.025312,	 0.049920,	-0.998432,	
		 3.999999,	 2.000000,	 0.999983,	 0.920110,	 0.909682,	 0.046607,	 0.110312,	-0.992804,	
