{
	"format" : 
	[
		"position", 3, 
		"texcoord", 2, 
		"normal", 3, 
		"boneIDs", 4, 
		"weights", 4
	], 
	"meshes" : [{
			"faces" : 
			[
				0, 1, 2, 
				113, 114, 0, 
				118, 0, 2, 
				118, 113, 0, 
				3, 4, 5, 
				119, 3, 5, 
				5, 95, 96, 
				119, 5, 96, 
				6, 7, 8, 
				120, 6, 8, 
				6, 97, 7, 
				97, 98, 7, 
				9, 10, 11, 
				121, 9, 11, 
				9, 99, 10, 
				99, 100, 10, 
				12, 13, 14, 
				122, 12, 14, 
				13, 101, 102, 
				14, 13, 102, 
				15, 16, 17, 
				29, 16, 15, 
				36, 29, 15, 
				30, 31, 16, 
				29, 30, 16, 
				35, 29, 36, 
				18, 19, 20, 
				123, 18, 20, 
				18, 21, 19, 
				21, 22, 19, 
				21, 49, 50, 
				22, 21, 50, 
				23, 24, 25, 
				23, 25, 104, 
				138, 23, 104, 
				26, 27, 28, 
				54, 27, 26, 
				130, 54, 26, 
				124, 125, 28, 
				32, 33, 34, 
				32, 63, 33, 
				126, 32, 34, 
				37, 38, 39, 
				127, 37, 39, 
				40, 41, 42, 
				103, 41, 40, 
				41, 55, 56, 
				42, 41, 56, 
				56, 55, 94, 
				43, 44, 45, 
				78, 43, 45, 
				44, 67, 69, 
				45, 44, 69, 
				67, 68, 69, 
				46, 47, 48, 
				128, 46, 48, 
				51, 52, 53, 
				129, 51, 53, 
				57, 58, 59, 
				131, 57, 59, 
				60, 61, 62, 
				132, 60, 62, 
				64, 65, 66, 
				133, 64, 66, 
				65, 70, 66, 
				66, 70, 71, 
				134, 66, 71, 
				72, 73, 74, 
				135, 72, 74, 
				75, 76, 77, 
				111, 75, 77, 
				111, 77, 112, 
				79, 80, 81, 
				88, 89, 80, 
				90, 81, 80, 
				137, 88, 80, 
				89, 90, 80, 
				82, 83, 84, 
				85, 86, 82, 
				87, 83, 82, 
				136, 82, 84, 
				136, 85, 82, 
				91, 92, 93, 
				109, 108, 93, 
				108, 109, 110, 
				105, 106, 107, 
				115, 116, 117, 
				139, 140, 141
			], "material" : {
				"alpha" : 1, "ambient" : 
				[ 0.000000,  0.000000,  0.000000], "diffuse" : 
				[ 0.600000,  0.600000,  0.600000], 
				"shinyness" :  0.000000, "specular" : 
				[ 0.000000,  0.000000,  0.000000], "texture" : "../textures/whitepixel.png"
			}
		}], 
	"name" : "Converted from C:\Users\johan_000\Desktop\MiniRace\assets\models\track-pit-exitlane-small.obj", 
	"version" : 1, 
	"vertices" : 
	[
		 1.333335,	 1.100000,	-1.000016,	 0.776751,	 0.962694,	-0.037060,	 0.988257,	-0.148241,	
		 4.000002,	 1.100000,	-1.000017,	 0.674486,	 0.962696,	 0.074422,	 0.992278,	-0.099229,	
		 4.000004,	 1.000000,	-0.999999,	 0.674486,	 0.967997,	 0.689328,	 0.720854,	-0.072087,	
		-3.999997,	 2.000000,	-3.999999,	 0.674486,	 0.967997,	-0.008409,	 0.099498,	-0.995002,	
		-3.999997,	 2.000000,	-3.899999,	 0.674486,	 0.973298,	-0.087948,	 0.099118,	 0.991181,	
		-1.633330,	 1.200001,	-3.899999,	 0.767873,	 0.973298,	 0.075896,	 0.758960,	 0.646698,	
		-1.633330,	 1.100001,	-3.899999,	 0.890170,	 0.781969,	 0.000000,	 0.954061,	 0.299612,	
		-1.633330,	 1.200001,	-3.899999,	 0.890170,	 0.787270,	 0.075896,	 0.758960,	 0.646698,	
		-3.999997,	 2.000000,	-3.899999,	 0.981633,	 0.829679,	-0.087948,	 0.099118,	 0.991181,	
		-1.633330,	 1.000000,	-2.999998,	 0.765950,	 0.978599,	 0.000000,	 0.999476,	 0.032379,	
		-1.633331,	 1.100000,	-2.999994,	 0.765950,	 0.973298,	 0.000000,	 0.993884,	 0.110432,	
		-3.999998,	 1.100001,	-2.999994,	 0.674486,	 0.973298,	-0.246459,	 0.963226,	 0.107025,	
		-3.999998,	 1.100001,	-2.999994,	 0.981375,	 0.829679,	-0.246459,	 0.963226,	 0.107025,	
		-1.633331,	 1.100000,	-2.999994,	 0.889988,	 0.829679,	 0.000000,	 0.993884,	 0.110432,	
		-1.633330,	 1.100001,	-3.899999,	 0.889988,	 0.877389,	 0.000000,	 0.954061,	 0.299612,	
		 1.333335,	 1.000000,	-0.000016,	 0.697227,	 0.176625,	 0.004519,	 0.999722,	 0.023144,	
		 4.000002,	 0.999999,	 3.999984,	 0.876966,	 0.048847,	 0.087445,	 0.932742,	 0.349779,	
		 4.000003,	 1.000000,	-0.000008,	 0.697228,	 0.048847,	 0.691007,	 0.722622,	 0.018066,	
		-1.633332,	 1.000000,	 1.099984,	 0.763925,	 0.718277,	 0.008342,	 0.975482,	 0.219920,	
		-1.633331,	 1.100000,	 1.099989,	 0.763925,	 0.707675,	 0.333130,	 0.641246,	 0.691251,	
		-3.999997,	 2.000000,	 1.099989,	 0.672462,	 0.665266,	-0.003827,	 0.090527,	 0.995887,	
		 1.333335,	 1.000000,	-0.000016,	 0.880706,	 0.718277,	 0.004519,	 0.999722,	 0.023144,	
		 1.333336,	 1.100000,	-0.000011,	 0.880706,	 0.707675,	 0.010301,	 0.998555,	 0.052753,	
		-1.633331,	 1.100000,	 1.099989,	 0.764110,	 0.909682,	 0.333130,	 0.641246,	 0.691251,	
		 1.333336,	 1.100000,	-0.000011,	 0.885450,	 0.877389,	 0.010301,	 0.998555,	 0.052753,	
		-1.633331,	 1.100000,	 0.999989,	 0.764853,	 0.904479,	 0.025005,	 0.805711,	-0.591780,	
		 4.000003,	 1.000000,	-0.000008,	 0.788547,	 0.909682,	 0.691007,	 0.722622,	 0.018066,	
		 4.000004,	 1.000000,	-0.999999,	 0.788547,	 0.962693,	 0.689328,	 0.720854,	-0.072087,	
		 4.000002,	 1.100000,	-1.000017,	 0.792417,	 0.962694,	 0.074422,	 0.992278,	-0.099229,	
		-3.999999,	 1.000000,	 3.999984,	 0.876966,	 0.432180,	-0.063508,	 0.982483,	 0.175196,	
		-3.999999,	 0.000000,	 3.999984,	 0.921900,	 0.432180,	-0.262351,	 0.000007,	 0.964972,	
		 4.000002,	-0.000001,	 3.999984,	 0.921901,	 0.048847,	 0.599999,	 0.000006,	 0.800001,	
		-3.999998,	 0.000001,	-3.999994,	 0.979257,	 0.607334,	-0.115401,	-0.000002,	-0.993319,	
		-1.633330,	 1.200001,	-3.999999,	 0.888497,	 0.543720,	 0.006943,	 0.069432,	-0.997563,	
		 4.000003,	 1.200000,	-3.999999,	 0.672462,	 0.543720,	 0.007317,	 0.068698,	-0.997611,	
		-3.999999,	 1.000000,	 1.099984,	 0.746655,	 0.432180,	-0.649413,	 0.718896,	 0.247895,	
		-1.633332,	 1.000000,	 1.099984,	 0.746655,	 0.318777,	 0.008342,	 0.975482,	 0.219920,	
		 4.000001,	-0.000000,	-2.999997,	 0.425793,	 0.938355,	 1.000000,	-0.000001,	-0.000000,	
		 4.000003,	 1.000000,	-2.999998,	 0.489136,	 0.938355,	 0.092916,	 0.995101,	 0.033770,	
		 4.000004,	 1.000000,	-0.999999,	 0.489136,	 0.843341,	 0.689328,	 0.720854,	-0.072087,	
		-3.999999,	 0.000001,	-2.999997,	 0.246357,	 0.907377,	-1.000000,	 0.000002,	-0.000000,	
		-3.999999,	-0.999999,	-3.999995,	 0.319165,	 0.964114,	-0.633501,	 0.000000,	-0.773742,	
		-3.999999,	 0.000000,	 0.999992,	 0.246357,	 0.680429,	-1.000000,	 0.000002,	-0.000000,	
		 4.000001,	-0.000000,	-2.999997,	 0.027933,	 0.566954,	 1.000000,	-0.000001,	-0.000000,	
		 4.000002,	-0.000000,	-1.000003,	 0.027933,	 0.680428,	 1.000000,	-0.000000,	-0.000000,	
		 4.000001,	-1.000000,	-3.999995,	 0.100741,	 0.510217,	 0.808736,	 0.000000,	-0.588172,	
		 4.000002,	-0.000001,	 3.999984,	 0.966835,	 0.432180,	 0.599999,	 0.000006,	 0.800001,	
		 4.000001,	-0.000000,	-0.000005,	 0.966835,	 0.240514,	 1.000000,	-0.000000,	 0.000000,	
		 4.000003,	 1.000000,	-0.000008,	 0.921901,	 0.240514,	 0.691007,	 0.722622,	 0.018066,	
		 4.000003,	 1.000000,	-0.000008,	 0.983764,	 0.718277,	 0.691007,	 0.722622,	 0.018066,	
		 4.000003,	 1.100000,	-0.000011,	 0.983764,	 0.707675,	 0.018654,	 0.994864,	 0.099486,	
		-3.999999,	-0.999999,	-3.999995,	 0.246357,	 0.510217,	-0.633501,	 0.000000,	-0.773742,	
		-3.999998,	 0.000001,	-3.999994,	 0.173549,	 0.510217,	-0.115401,	-0.000002,	-0.993319,	
		 4.000001,	-0.000000,	-3.999994,	 0.173549,	 0.964114,	 0.124798,	-0.000001,	-0.992182,	
		 4.000002,	-0.000000,	-1.000003,	 0.749852,	 0.962694,	 1.000000,	-0.000000,	-0.000000,	
		-3.999997,	-1.000000,	 3.999999,	 0.319165,	 0.510217,	-0.806169,	 0.000008,	 0.591685,	
		-3.999999,	 0.000000,	 1.099992,	 0.246357,	 0.674755,	-1.000000,	-0.000001,	 0.000000,	
		-3.999999,	 0.000000,	 3.999984,	 0.921901,	 0.240514,	-0.262351,	 0.000007,	 0.964972,	
		-3.999999,	 1.000000,	 3.999984,	 0.966835,	 0.240514,	-0.063508,	 0.982483,	 0.175196,	
		-3.999999,	 1.000000,	 1.099984,	 0.966835,	 0.101556,	-0.649413,	 0.718896,	 0.247895,	
		 4.000003,	-1.000001,	 3.999999,	 0.173549,	 0.510217,	 0.630592,	 0.000012,	 0.776114,	
		 4.000002,	-0.000001,	 3.999984,	 0.100741,	 0.510217,	 0.599999,	 0.000006,	 0.800001,	
		-3.999999,	 0.000000,	 3.999984,	 0.100741,	 0.964114,	-0.262351,	 0.000007,	 0.964972,	
		-3.999997,	 2.000000,	-3.999999,	 0.979257,	 0.501311,	-0.008409,	 0.099498,	-0.995002,	
		-3.999997,	 2.000000,	 0.999988,	 0.920110,	 0.909682,	-0.004581,	 0.216929,	-0.976177,	
