{
	"format" : 
	[
		"position", 3, 
		"texcoord", 2, 
		"normal", 3, 
		"boneIDs", 4, 
		"weights", 4
	], 
	"meshes" : [{
			"faces" : 
			[
				0, 1, 2, 
				100, 0, 2, 
				3, 4, 5, 
				101, 3, 5, 
				6, 7, 8, 
				102, 6, 8, 
				9, 10, 11, 
				9, 86, 85, 
				86, 9, 11, 
				84, 9, 85, 
				84, 85, 58, 
				57, 84, 58, 
				57, 58, 55, 
				54, 57, 55, 
				54, 55, 56, 
				116, 54, 56, 
				12, 13, 14, 
				103, 12, 14, 
				15, 16, 17, 
				104, 15, 17, 
				18, 19, 20, 
				18, 79, 80, 
				105, 18, 20, 
				19, 18, 80, 
				21, 22, 23, 
				106, 21, 23, 
				21, 89, 22, 
				89, 88, 22, 
				89, 87, 88, 
				87, 63, 88, 
				87, 62, 63, 
				62, 61, 63, 
				62, 59, 61, 
				59, 60, 61, 
				24, 25, 26, 
				107, 24, 26, 
				27, 28, 29, 
				108, 27, 29, 
				30, 31, 32, 
				109, 30, 32, 
				30, 93, 31, 
				93, 94, 31, 
				33, 34, 35, 
				110, 33, 35, 
				36, 37, 38, 
				73, 36, 38, 
				36, 73, 75, 
				73, 74, 75, 
				39, 40, 41, 
				111, 39, 41, 
				42, 43, 44, 
				112, 42, 44, 
				45, 46, 47, 
				113, 45, 47, 
				48, 49, 50, 
				114, 48, 50, 
				51, 52, 53, 
				115, 51, 53, 
				53, 98, 99, 
				115, 53, 99, 
				64, 65, 66, 
				117, 64, 66, 
				67, 68, 69, 
				118, 67, 69, 
				70, 71, 72, 
				119, 70, 72, 
				76, 77, 78, 
				120, 76, 78, 
				81, 82, 83, 
				121, 81, 83, 
				90, 91, 92, 
				122, 90, 92, 
				95, 96, 97, 
				123, 95, 97
			], "material" : {
				"alpha" : 1, "ambient" : 
				[ 0.000000,  0.000000,  0.000000], "diffuse" : 
				[ 0.600000,  0.600000,  0.600000], 
				"shinyness" :  0.000000, "specular" : 
				[ 0.000000,  0.000000,  0.000000], "texture" : "../textures/whitepixel.png"
			}
		}], 
	"name" : "Converted from C:\Users\johan_000\Desktop\MiniRace\assets\models\track-straight-small.obj", 
	"version" : 1, 
	"vertices" : 
	[
		 3.999998,	 0.999999,	 3.999998,	 0.702135,	 0.456722,	 0.706418,	 0.706417,	 0.044151,	
		 3.999999,	-0.000001,	 3.999996,	 0.755286,	 0.456722,	 0.992278,	 0.000000,	 0.124034,	
		 3.999996,	 0.000000,	-4.000000,	 0.755286,	 0.013793,	 0.992278,	-0.000001,	-0.124035,	
		 2.999998,	 1.100000,	-3.999998,	 0.968730,	 0.969082,	 0.099496,	 0.994960,	-0.012437,	
		 2.999999,	 1.099999,	 3.999998,	 0.968730,	 0.501571,	 0.099473,	 0.994729,	 0.024868,	
		 2.999999,	 0.999999,	 3.999998,	 0.962355,	 0.501571,	 0.183328,	 0.916638,	 0.355198,	
		-3.000001,	 1.100001,	-3.999995,	 0.955979,	 0.969082,	-0.196057,	 0.980286,	-0.024507,	
		-3.000001,	 1.000001,	-3.999995,	 0.962355,	 0.969082,	-0.092842,	 0.928414,	-0.359760,	
		-2.999998,	 1.000000,	 3.999999,	 0.962355,	 0.501571,	-0.097590,	 0.975900,	 0.195180,	
		-3.000000,	-0.999999,	-3.999997,	 0.167602,	 0.929386,	-0.000001,	 0.000001,	-1.000000,	
		-3.999999,	-0.999999,	-3.999997,	 0.167601,	 0.992765,	-0.998053,	-0.000000,	-0.062378,	
		-4.000000,	 0.000001,	-3.999996,	 0.230981,	 0.992765,	-0.982872,	-0.000001,	-0.184288,	
		 3.999999,	-0.000001,	 3.999996,	 0.040843,	 0.992765,	 0.992278,	 0.000000,	 0.124034,	
		 4.000001,	-1.000001,	 3.999995,	 0.104222,	 0.992765,	 0.970143,	 0.000001,	 0.242535,	
		 3.999995,	-1.000000,	-4.000001,	 0.104222,	 0.485732,	 0.998053,	 0.000000,	-0.062379,	
		-1.999998,	 1.100000,	 3.999999,	 0.943229,	 0.969082,	 0.196057,	 0.980286,	 0.024507,	
		-1.999998,	 1.000000,	 3.999999,	 0.949604,	 0.969082,	 0.012375,	 0.989966,	 0.140761,	
		-2.000001,	 1.000000,	-3.999996,	 0.949604,	 0.501571,	 0.047998,	 0.959962,	-0.275989,	
		 2.000000,	 0.999999,	 3.999998,	 0.815726,	 0.846360,	-0.024536,	 0.981447,	 0.190156,	
		 2.999999,	 0.999999,	 3.999998,	 0.879478,	 0.846360,	 0.183328,	 0.916638,	 0.355198,	
		 2.999999,	 1.099999,	 3.999998,	 0.879478,	 0.840516,	 0.099473,	 0.994729,	 0.024868,	
		-2.999996,	-1.000000,	 4.000000,	 0.230981,	 0.549111,	 0.000000,	-0.000000,	 1.000000,	
		-2.999997,	-0.000000,	 4.000000,	 0.294360,	 0.549111,	 0.000000,	 0.000000,	 1.000000,	
		-3.999996,	-0.000000,	 4.000000,	 0.294360,	 0.485732,	-0.995634,	-0.000001,	 0.093341,	
		-3.999996,	-0.000000,	 4.000000,	 0.104222,	 0.485732,	-0.995634,	-0.000001,	 0.093341,	
		-4.000000,	 0.000001,	-3.999996,	 0.104222,	 0.992765,	-0.982872,	-0.000001,	-0.184288,	
		-3.999999,	-0.999999,	-3.999997,	 0.167601,	 0.992765,	-0.998053,	-0.000000,	-0.062378,	
		 1.999998,	 1.000000,	-3.999998,	 0.955979,	 0.969082,	-0.024910,	 0.996406,	-0.080958,	
		 2.000000,	 0.999999,	 3.999998,	 0.955979,	 0.501571,	-0.024536,	 0.981447,	 0.190156,	
		 2.000000,	 1.100000,	 3.999998,	 0.949604,	 0.501571,	-0.099502,	 0.995018,	 0.006219,	
		-2.000001,	 1.000000,	-3.999996,	 0.943229,	 0.963238,	 0.047998,	 0.959962,	-0.275989,	
		-3.000001,	 1.000001,	-3.999995,	 0.879478,	 0.963238,	-0.092842,	 0.928414,	-0.359760,	
		-3.000001,	 1.100001,	-3.999995,	 0.879478,	 0.969082,	-0.196057,	 0.980286,	-0.024507,	
		-2.000001,	 1.100001,	-3.999996,	 0.815726,	 0.501571,	 0.049937,	 0.998733,	-0.006242,	
		-3.000001,	 1.100001,	-3.999995,	 0.751975,	 0.501571,	-0.196057,	 0.980286,	-0.024507,	
		-2.999998,	 1.100000,	 3.999999,	 0.751975,	 0.969082,	-0.049937,	 0.998733,	 0.006242,	
		 1.999998,	 1.000000,	-3.999998,	 0.815726,	 0.963238,	-0.024910,	 0.996406,	-0.080958,	
		 1.999998,	 1.100000,	-3.999998,	 0.815726,	 0.969082,	-0.099496,	 0.994960,	-0.012437,	
		 2.999998,	 1.100000,	-3.999998,	 0.879478,	 0.969082,	 0.099496,	 0.994960,	-0.012437,	
		 2.999998,	 1.100000,	-3.999998,	 0.751975,	 0.501571,	 0.099496,	 0.994960,	-0.012437,	
		 1.999998,	 1.100000,	-3.999998,	 0.688223,	 0.501571,	-0.099496,	 0.994960,	-0.012437,	
		 2.000000,	 1.100000,	 3.999998,	 0.688223,	 0.969082,	-0.099502,	 0.995018,	 0.006219,	
		-4.000001,	 1.000001,	-3.999995,	 0.808438,	 0.456722,	-0.704361,	 0.704360,	-0.088045,	
		-4.000000,	 0.000001,	-3.999996,	 0.861589,	 0.456722,	-0.982872,	-0.000001,	-0.184288,	
		-3.999996,	-0.000000,	 4.000000,	 0.861589,	 0.013793,	-0.995634,	-0.000001,	 0.093341,	
		-4.000001,	 1.000001,	-3.999995,	 0.861589,	 0.013793,	-0.704361,	 0.704360,	-0.088045,	
		-3.999997,	 1.000000,	 3.999999,	 0.861589,	 0.456722,	-0.696311,	 0.696310,	 0.174078,	
		-2.999998,	 1.000000,	 3.999999,	 0.914741,	 0.456722,	-0.097590,	 0.975900,	 0.195180,	
		 2.999998,	 1.000000,	-3.999998,	 0.755286,	 0.013793,	 0.049028,	 0.980562,	-0.189984,	
		 2.999999,	 0.999999,	 3.999998,	 0.755286,	 0.456722,	 0.183328,	 0.916638,	 0.355198,	
		 3.999998,	 0.999999,	 3.999998,	 0.808438,	 0.456722,	 0.706418,	 0.706417,	 0.044151,	
		-1.999998,	 1.100000,	 3.999999,	 0.879478,	 0.776233,	 0.196057,	 0.980286,	 0.024507,	
		-2.999998,	 1.100000,	 3.999999,	 0.815726,	 0.776233,	-0.049937,	 0.998733,	 0.006242,	
		-2.999998,	 1.000000,	 3.999999,	 0.815726,	 0.782077,	-0.097590,	 0.975900,	 0.195180,	
		 2.999996,	-1.000000,	-4.000000,	 0.167602,	 0.549111,	-0.000001,	 0.000001,	-1.000000,	
		 2.999997,	 0.000000,	-3.999999,	 0.230981,	 0.549111,	-0.000000,	 0.000001,	-1.000000,	
		 3.999996,	 0.000000,	-4.000000,	 0.230981,	 0.485732,	 0.992278,	-0.000001,	-0.124035,	
		 1.999997,	-1.000000,	-4.000000,	 0.167602,	 0.612490,	-0.000000,	 0.000001,	-1.000000,	
		 1.999997,	 0.000000,	-3.999999,	 0.230981,	 0.612490,	-0.000000,	 0.000001,	-1.000000,	
		 4.000001,	-1.000001,	 3.999995,	 0.230981,	 0.992765,	 0.970143,	 0.000001,	 0.242535,	
		 3.999999,	-0.000001,	 3.999996,	 0.294360,	 0.992765,	 0.992278,	 0.000000,	 0.124034,	
		 3.000000,	-0.000001,	 3.999997,	 0.294360,	 0.929386,	 0.000001,	-0.000001,	 1.000000,	
		 3.000001,	-1.000001,	 3.999996,	 0.230981,	 0.929386,	 0.000001,	-0.000001,	 1.000000,	
		 2.000000,	-0.000001,	 3.999997,	 0.294360,	 0.866007,	 0.000000,	-0.000000,	 1.000000,	
		-3.999997,	 1.000000,	 3.999999,	 0.967892,	 0.235258,	-0.696311,	 0.696310,	 0.174078,	
		-3.999996,	-0.000000,	 4.000000,	 0.914741,	 0.235258,	-0.995634,	-0.000001,	 0.093341,	
		-2.999997,	-0.000000,	 4.000000,	 0.914741,	 0.290624,	 0.000000,	 0.000000,	 1.000000,	
